title;rating;ratingLevel;release year;user rating score;ageGroup
White Chicks;PG-13;crude and sexual humor, language and some drug content;2004;82.0;Teen
Lucky Number Slevin;R;strong violence, sexual content and adult language;2006;79.0;Adult
Grey's Anatomy;TV-14;Parents strongly cautioned. May be unsuitable for children ages 14 and under.;2016;98.0;Teen
Prison Break;TV-14;Parents strongly cautioned. May be unsuitable for children ages 14 and under.;2008;98.0;Teen
How I Met Your Mother;TV-PG;Parental guidance suggested. May not be suitable for all children.;2014;94.0;Parental Guidance
Supernatural;TV-14;Parents strongly cautioned. May be unsuitable for children ages 14 and under.;2016;95.0;Teen
Breaking Bad;TV-MA;For mature audiences.  May not be suitable for children 17 and under.;2013;97.0;Adult
The Vampire Diaries;TV-14;Parents strongly cautioned. May be unsuitable for children ages 14 and under.;2017;91.0;Teen
The Walking Dead;TV-MA;For mature audiences.  May not be suitable for children 17 and under.;2015;98.0;Adult
Pretty Little Liars;TV-14;Parents strongly cautioned. May be unsuitable for children ages 14 and under.;2016;96.0;Teen
Once Upon a Time;TV-PG;Parental guidance suggested. May not be suitable for all children.;2016;98.0;Parental Guidance
Sherlock;TV-14;Parents strongly cautioned. May be unsuitable for children ages 14 and under.;2016;95.0;Teen
Death Note;TV-14;Parents strongly cautioned. May be unsuitable for children ages 14 and under.;2006;77.0;Teen
Naruto;TV-PG;Parental guidance suggested. May not be suitable for all children.;2008;88.0;Parental Guidance
The Hunter;R;language and brief violence;2011;79.0;Adult
Lottie Dottie Chicken;TV-Y;Suitable for all ages.;2009;75.5;Kids
Arrow;TV-14;Parents strongly cautioned. May be unsuitable for children ages 14 and under.;2015;96.0;Teen
Black Mirror;TV-MA;For mature audiences.  May not be suitable for children 17 and under.;2016;80.0;Adult
The Originals;TV-14;Parents strongly cautioned. May be unsuitable for children ages 14 and under.;2016;74.0;Teen
The 100;NR;This movie has not been rated.;2016;97.0;Unrated
Masha and the Bear;TV-Y;Suitable for all ages.;2013;81.0;Kids
?? Pai, ?? - Look at This;TV-MA;For mature audiences.  May not be suitable for children 17 and under.;2007;89.0;Adult
Nymphomaniac: Volume 1;NR;This movie has not been rated.;2013;77.0;Unrated
Hunter X Hunter (2011);NR;This movie has not been rated.;2013;57.0;Unrated
Marvel's Luke Cage;TV-MA;For mature audiences.  May not be suitable for children 17 and under.;2016;95.0;Adult
Marvel's Iron Fist;TV-MA;For mature audiences.  May not be suitable for children 17 and under.;2017;98.0;Adult
Narcos;TV-MA;For mature audiences.  May not be suitable for children 17 and under.;2016;94.0;Adult
The Flash;TV-PG;Parental guidance suggested. May not be suitable for all children.;2016;98.0;Parental Guidance
The Seven Deadly Sins;TV-14;Parents strongly cautioned. May be unsuitable for children ages 14 and under.;2016;86.0;Teen
Scream;TV-14;Parents strongly cautioned. May be unsuitable for children ages 14 and under.;2016;86.0;Teen
The Do-Over;TV-MA;For mature audiences.  May not be suitable for children 17 and under.;2016;84.0;Adult
Opera? ?╡es Especiais;TV-MA;For mature audiences.  May not be suitable for children 17 and under.;2015;89.0;Adult
3%;TV-MA;For mature audiences.  May not be suitable for children 17 and under.;2016;89.0;Adult
Trollhunters;TV-Y7-FV;Suitable for children ages 7 and older.  Content contains fantasy violence.;2016;83.0;Kids
Fearless;TV-14;Parents strongly cautioned. May be unsuitable for children ages 14 and under.;2016;86.0;Teen
Hyena Road;R;bloody war violence, language throughout and some sexual material;2015;79.0;Adult
Santa Clarita Diet;TV-MA;For mature audiences.  May not be suitable for children 17 and under.;2017;82.0;Adult
Sex, Love and Therapy;NR;This movie has not been rated.;2014;77.0;Unrated
White Girl;UR;This movie has not been rated. Intended for adults only and may contain sex, violence, drugs, language or other adult themes.;2016;82.0;Unrated
Girlboss;TV-MA;For mature audiences.  May not be suitable for children 17 and under.;2017;94.0;Adult
City of God: 10 Years Later;TV-MA;For mature audiences.  May not be suitable for children 17 and under.;2013;89.0;Adult
13 Reasons Why;TV-MA;For mature audiences.  May not be suitable for children 17 and under.;2017;99.0;Adult
Sand Castle;TV-MA;For mature audiences.  May not be suitable for children 17 and under.;2017;89.0;Adult
Salvador Martinha - Tip of the Tongue;TV-MA;For mature audiences.  May not be suitable for children 17 and under.;2016;89.0;Adult
Sandy Wexler;TV-14;Parents strongly cautioned. May be unsuitable for children ages 14 and under.;2017;92.0;Teen
O Amor no Div?ú;TV-MA;For mature audiences.  May not be suitable for children 17 and under.;2016;89.0;Adult
Stronger Than the World;NR;This movie has not been rated.;2016;77.0;Unrated
Back and Forth;NR;This movie has not been rated.;2016;77.0;Unrated
Happily Married;TV-14;Parents strongly cautioned. May be unsuitable for children ages 14 and under.;2015;86.0;Teen
Pandora;TV-MA;For mature audiences.  May not be suitable for children 17 and under.;2016;89.0;Adult
The Office (U.S.);TV-14;Parents strongly cautioned. May be unsuitable for children ages 14 and under.;2012;97.0;Teen
90210;TV-14;Parents strongly cautioned. May be unsuitable for children ages 14 and under.;2013;62.0;Teen
Gossip Girl;TV-14;Parents strongly cautioned. May be unsuitable for children ages 14 and under.;2012;96.0;Teen
Parks and Recreation;TV-14;Parents strongly cautioned. May be unsuitable for children ages 14 and under.;2015;94.0;Teen
Glee;TV-PG;Parental guidance suggested. May not be suitable for all children.;2015;92.0;Parental Guidance
Family Guy;TV-MA;For mature audiences.  May not be suitable for children 17 and under.;2015;98.0;Adult
Criminal Minds;TV-14;Parents strongly cautioned. May be unsuitable for children ages 14 and under.;2016;98.0;Teen
Friends;TV-14;Parents strongly cautioned. May be unsuitable for children ages 14 and under.;2003;98.0;Teen
The Secret Life of the American Teenager;TV-14;Parents strongly cautioned. May be unsuitable for children ages 14 and under.;2013;81.0;Teen
One Tree Hill;TV-14;Parents strongly cautioned. May be unsuitable for children ages 14 and under.;2011;90.0;Teen
Shameless (U.S.);TV-MA;For mature audiences.  May not be suitable for children 17 and under.;2016;97.0;Adult
New Girl;TV-14;Parents strongly cautioned. May be unsuitable for children ages 14 and under.;2016;91.0;Teen
American Horror Story;TV-MA;For mature audiences.  May not be suitable for children 17 and under.;2016;90.0;Adult
Orange Is the New Black;TV-MA;For mature audiences.  May not be suitable for children 17 and under.;2016;98.0;Adult
Inside Russia's Toughest Prison;TV-14;Parents strongly cautioned. May be unsuitable for children ages 14 and under.;2011;86.0;Teen
Bates Motel;TV-14;Parents strongly cautioned. May be unsuitable for children ages 14 and under.;2016;83.0;Teen
Grace and Frankie;TV-MA;For mature audiences.  May not be suitable for children 17 and under.;2017;90.0;Adult
How to Get Away with Murder;TV-14;Parents strongly cautioned. May be unsuitable for children ages 14 and under.;2016;95.0;Teen
The Get Down;TV-MA;For mature audiences.  May not be suitable for children 17 and under.;2017;80.0;Adult
Love;TV-MA;For mature audiences.  May not be suitable for children 17 and under.;2017;89.0;Adult
The OA;TV-MA;For mature audiences.  May not be suitable for children 17 and under.;2016;89.0;Adult
Stranger Things;TV-14;Parents strongly cautioned. May be unsuitable for children ages 14 and under.;2016;90.0;Teen
Ingobernable;TV-MA;For mature audiences.  May not be suitable for children 17 and under.;2017;96.0;Adult
Zootopia;PG;some thematic elements, rude humor and action;2016;97.0;Parental Guidance
Meet the Blacks;R;pervasive language, some sexual material, violence and drug use;2016;79.0;Adult
Finding Dory;PG;mild thematic elements;2016;98.0;Parental Guidance
Sausage Party;R;strong crude sexual content, pervasive language, and drug use;2016;91.0;Adult
Pete's Dragon;PG;for action, peril and brief language;2016;93.0;Parental Guidance
Kevin Hart: What Now?;R;some sexual material, and language throughout;2016;97.0;Adult
The Discovery;TV-MA;For mature audiences.  May not be suitable for children 17 and under.;2017;89.0;Adult
Chewing Gum;TV-MA;For mature audiences.  May not be suitable for children 17 and under.;2017;93.0;Adult
Cheer Squad;TV-PG;Parental guidance suggested. May not be suitable for all children.;2016;61.0;Parental Guidance
Only for One Night;TV-MA;For mature audiences.  May not be suitable for children 17 and under.;2016;78.0;Adult
The Life Aquatic with Steve Zissou;R;language, some drug use, violence and partial nudity;2004;79.0;Adult
The L Word;TV-MA;For mature audiences.  May not be suitable for children 17 and under.;2009;89.0;Adult
30 Rock;TV-14;Parents strongly cautioned. May be unsuitable for children ages 14 and under.;2012;66.0;Teen
Mad Men;TV-14;Parents strongly cautioned. May be unsuitable for children ages 14 and under.;2014;75.0;Teen
It's Always Sunny in Philadelphia;TV-MA;For mature audiences.  May not be suitable for children 17 and under.;2016;91.0;Adult
Californication;TV-MA;For mature audiences.  May not be suitable for children 17 and under.;2014;63.0;Adult
Portlandia;TV-14;Parents strongly cautioned. May be unsuitable for children ages 14 and under.;2016;62.0;Teen
Don't Trust the B---- in Apartment 23;TV-14;Parents strongly cautioned. May be unsuitable for children ages 14 and under.;2012;86.0;Teen
Friends with Benefits;TV-14;Parents strongly cautioned. May be unsuitable for children ages 14 and under.;2011;86.0;Teen
The Client List;TV-14;Parents strongly cautioned. May be unsuitable for children ages 14 and under.;2013;92.0;Teen
Halt and Catch Fire;TV-14;Parents strongly cautioned. May be unsuitable for children ages 14 and under.;2016;86.0;Teen
5 to 7;R;some sexual material;2014;79.0;Adult
Chef's Table;TV-MA;For mature audiences.  May not be suitable for children 17 and under.;2017;89.0;Adult
Documentary Now!;TV-14;Parents strongly cautioned. May be unsuitable for children ages 14 and under.;2016;86.0;Teen
Better Call Saul;TV-MA;For mature audiences.  May not be suitable for children 17 and under.;2016;95.0;Adult
Schitt's Creek;TV-14;Parents strongly cautioned. May be unsuitable for children ages 14 and under.;2016;74.0;Teen
Lovesick;TV-MA;For mature audiences.  May not be suitable for children 17 and under.;2016;89.0;Adult
Flaked;TV-MA;For mature audiences.  May not be suitable for children 17 and under.;2016;89.0;Adult
Master of None;TV-MA;For mature audiences.  May not be suitable for children 17 and under.;2015;89.0;Adult
Chelsea;TV-MA;For mature audiences.  May not be suitable for children 17 and under.;2017;89.0;Adult
Abstract: The Art of Design;TV-14;Parents strongly cautioned. May be unsuitable for children ages 14 and under.;2017;86.0;Teen
Cooper Barrett's Guide to Surviving Life;TV-14;Parents strongly cautioned. May be unsuitable for children ages 14 and under.;2016;86.0;Teen
The Great British Baking Show;TV-PG;Parental guidance suggested. May not be suitable for all children.;2016;94.0;Parental Guidance
Life in Pieces;TV-14;Parents strongly cautioned. May be unsuitable for children ages 14 and under.;2015;68.0;Teen
Crazy Ex-Girlfriend;TV-14;Parents strongly cautioned. May be unsuitable for children ages 14 and under.;2017;86.0;Teen
Easy;TV-MA;For mature audiences.  May not be suitable for children 17 and under.;2016;89.0;Adult
No Tomorrow;TV-14;Parents strongly cautioned. May be unsuitable for children ages 14 and under.;2016;86.0;Teen
Minimalism: A Documentary About the Important Things;TV-PG;Parental guidance suggested. May not be suitable for all children.;2016;88.0;Parental Guidance
Hot Girls Wanted: Turned On;TV-MA;For mature audiences.  May not be suitable for children 17 and under.;2017;89.0;Adult
Win It All;TV-MA;For mature audiences.  May not be suitable for children 17 and under.;2017;89.0;Adult
Merl??;TV-PG;Parental guidance suggested. May not be suitable for all children.;2015;88.0;Parental Guidance
Amy Schumer: The Leather Special;TV-MA;For mature audiences.  May not be suitable for children 17 and under.;2017;89.0;Adult
Louis C.K. 2017;TV-MA;For mature audiences.  May not be suitable for children 17 and under.;2017;71.0;Adult
Dave Chappelle;TV-MA;For mature audiences.  May not be suitable for children 17 and under.;2017;94.0;Adult
Almost Adults;NR;This movie has not been rated.;2016;77.0;Unrated
The Brothers;R;strong sexual content and language;2001;79.0;Adult
Skins;TV-MA;For mature audiences.  May not be suitable for children 17 and under.;2013;89.0;Adult
The Cleveland Show;TV-14;Parents strongly cautioned. May be unsuitable for children ages 14 and under.;2012;88.0;Teen
Absolutely Fabulous;TV-14;Parents strongly cautioned. May be unsuitable for children ages 14 and under.;2012;59.0;Teen
Raising Hope;TV-14;Parents strongly cautioned. May be unsuitable for children ages 14 and under.;2013;73.0;Teen
Come Fly With Me;TV-14;Parents strongly cautioned. May be unsuitable for children ages 14 and under.;2010;86.0;Teen
Brickleberry;TV-MA;For mature audiences.  May not be suitable for children 17 and under.;2014;63.0;Adult
BoJack Horseman;TV-MA;For mature audiences.  May not be suitable for children 17 and under.;2016;89.0;Adult
Being Mary Jane: The Series;TV-14;Parents strongly cautioned. May be unsuitable for children ages 14 and under.;2016;86.0;Teen
Unbreakable Kimmy Schmidt;TV-14;Parents strongly cautioned. May be unsuitable for children ages 14 and under.;2016;86.0;Teen
Bordertown;TV-14;Parents strongly cautioned. May be unsuitable for children ages 14 and under.;2016;86.0;Teen
Jane The Virgin;TV-14;Parents strongly cautioned. May be unsuitable for children ages 14 and under.;2016;91.0;Teen
Dope;R;language, drug content, sexuality/nudity, and some violence-all involving teens;2015;79.0;Adult
The Carmichael Show;TV-14;Parents strongly cautioned. May be unsuitable for children ages 14 and under.;2016;69.0;Teen
November Rule;TV-14;Parents strongly cautioned. May be unsuitable for children ages 14 and under.;2015;86.0;Teen
Haters Back Off;TV-14;Parents strongly cautioned. May be unsuitable for children ages 14 and under.;2016;58.0;Teen
Kubo and the Two Strings;PG;thematic elements, scary images, action and peril;2016;96.0;Parental Guidance
Skins;TV-MA;For mature audiences.  May not be suitable for children 17 and under.;2017;89.0;Adult
A Weekend with the Family;TV-MA;For mature audiences.  May not be suitable for children 17 and under.;2016;89.0;Adult
Crazyhead;TV-MA;For mature audiences.  May not be suitable for children 17 and under.;2016;89.0;Adult
Queen of Katwe;PG;thematic elements, an accident scene and some suggestive material;2016;86.0;Parental Guidance
Little Boxes;TV-14;Parents strongly cautioned. May be unsuitable for children ages 14 and under.;2016;61.0;Teen
Deidra & Laney Rob a Train;TV-14;Parents strongly cautioned. May be unsuitable for children ages 14 and under.;2017;86.0;Teen
Hurricane Bianca;TV-MA;For mature audiences.  May not be suitable for children 17 and under.;2016;89.0;Adult
Honeytrap;NR;This movie has not been rated.;2014;77.0;Unrated
Greenleaf;TV-14;Parents strongly cautioned. May be unsuitable for children ages 14 and under.;2016;62.0;Teen
Lazy Eye;TV-MA;For mature audiences.  May not be suitable for children 17 and under.;2016;89.0;Adult
Like Cotton Twines;NR;This movie has not been rated.;2016;77.0;Unrated
The Wedding Party;TV-14;Parents strongly cautioned. May be unsuitable for children ages 14 and under.;2016;86.0;Teen
Boy Bye;TV-MA;For mature audiences.  May not be suitable for children 17 and under.;2016;89.0;Adult
Nancy Drew;PG;Parental guidance suggested. May not be suitable for children.;2007;86.0;Parental Guidance
Nurse Jackie;TV-MA;For mature audiences.  May not be suitable for children 17 and under.;2015;82.0;Adult
Drop Dead Diva;TV-PG;Parental guidance suggested. May not be suitable for all children.;2014;88.0;Parental Guidance
Gilmore Girls;TV-14;Parents strongly cautioned. May be unsuitable for children ages 14 and under.;2006;91.0;Teen
Parenthood;TV-14;Parents strongly cautioned. May be unsuitable for children ages 14 and under.;2014;79.0;Teen
Life Unexpected;TV-PG;Parental guidance suggested. May not be suitable for all children.;2010;55.0;Parental Guidance
Being Human (U.S.);TV-14;Parents strongly cautioned. May be unsuitable for children ages 14 and under.;2014;58.0;Teen
The Carrie Diaries;TV-14;Parents strongly cautioned. May be unsuitable for children ages 14 and under.;2013;86.0;Teen
Baby Daddy;TV-14;Parents strongly cautioned. May be unsuitable for children ages 14 and under.;2016;80.0;Teen
The Angriest Man in Brooklyn;R;Restricted. May be inappropriate for children 17 and under.;2014;79.0;Adult
Sense8;TV-MA;For mature audiences.  May not be suitable for children 17 and under.;2017;81.0;Adult
Girlfriends' Guide to Divorce;TV-14;Parents strongly cautioned. May be unsuitable for children ages 14 and under.;2015;63.0;Teen
Fried;TV-MA;For mature audiences.  May not be suitable for children 17 and under.;2015;89.0;Adult
The Great Gilly Hopkins;PG;for thematic material and language;2016;69.0;Parental Guidance
The Magicians;TV-MA;For mature audiences.  May not be suitable for children 17 and under.;2016;89.0;Adult
One Day at a Time;TV-PG;Parental guidance suggested. May not be suitable for all children.;2017;88.0;Parental Guidance
Better Off Single;TV-MA;For mature audiences.  May not be suitable for children 17 and under.;2016;89.0;Adult
The Matchbreaker;PG;Parental guidance suggested. May not be suitable for children.;2016;79.0;Parental Guidance
Tramps;TV-MA;For mature audiences.  May not be suitable for children 17 and under.;2017;89.0;Adult
Slam;TV-MA;For mature audiences.  May not be suitable for children 17 and under.;2017;89.0;Adult
The Waterboy;PG-13;language and some crude sexual humor;1998;82.0;Teen
10 Things I Hate About You;PG-13;adult content, adult language and mild violence;1999;68.0;Teen
Grease;PG;Parental guidance suggested. May not be suitable for children.;1978;86.0;Parental Guidance
How to Lose a Guy in 10 Days;PG-13;some sex-related material;2003;56.0;Teen
The Benchwarmers;PG-13;crude and suggestive humor, and for language;2006;77.0;Teen
Step Up;PG-13;thematic elements, brief violence and innuendo;2006;64.0;Teen
High School Musical 2;TV-G;Suitable for all ages.;2007;58.0;Family
Twilight;PG-13;some violence and one sexual scene;2008;89.0;Teen
Coraline;PG;thematic elements, scary images, some language and suggestive humor;2009;95.0;Parental Guidance
Hannah Montana: The Movie;G;General Audiences. Suitable for all ages.;2009;56.0;Family
Friday Night Lights;TV-PG;Parental guidance suggested. May not be suitable for all children.;2010;81.0;Parental Guidance
StarStruck;TV-G;Suitable for all ages.;2010;74.0;Family
Mean Girls 2;PG-13;For some rude and suggestive material, and for language.;2011;68.0;Teen
That '70s Show;TV-14;Parents strongly cautioned. May be unsuitable for children ages 14 and under.;2005;89.0;Teen
Heartland;TV-PG;Parental guidance suggested. May not be suitable for all children.;2015;85.0;Parental Guidance
Switched at Birth;TV-14;Parents strongly cautioned. May be unsuitable for children ages 14 and under.;2015;83.0;Teen
Hart of Dixie;TV-PG;Parental guidance suggested. May not be suitable for all children.;2014;81.0;Parental Guidance
Safe Haven;PG-13;thematic material involving threatening behavior, and for violence and sexuality;2013;62.0;Teen
The Night Shift;TV-14;Parents strongly cautioned. May be unsuitable for children ages 14 and under.;2015;93.0;Teen
Reign;TV-14;Parents strongly cautioned. May be unsuitable for children ages 14 and under.;2015;79.0;Teen
Fuller House;TV-G;Suitable for all ages.;2016;90.0;Family
Gilmore Girls: A Year in the Life;TV-14;Parents strongly cautioned. May be unsuitable for children ages 14 and under.;2016;77.0;Teen
Gabriel lglesias: I???m Sorry For What I Said When I Was Hungry;TV-14;Parents strongly cautioned. May be unsuitable for children ages 14 and under.;2016;84.0;Teen
The Wedding Planner;PG-13;language and some sexual humor;2001;68.0;Teen
Blow;R;pervasive drug content and language, some violence and sexuality;2001;78.0;Adult
High School Musical;TV-G;Suitable for all ages.;2006;64.0;Family
Bones;TV-14;Parents strongly cautioned. May be unsuitable for children ages 14 and under.;2016;97.0;Teen
Law & Order: Special Victims Unit;TV-14;Parents strongly cautioned. May be unsuitable for children ages 14 and under.;2015;97.0;Teen
NCIS;TV-14;Parents strongly cautioned. May be unsuitable for children ages 14 and under.;2016;97.0;Teen
Army Wives;TV-14;Parents strongly cautioned. May be unsuitable for children ages 14 and under.;2013;61.0;Teen
Private Practice;TV-14;Parents strongly cautioned. May be unsuitable for children ages 14 and under.;2012;88.0;Teen
Revenge;TV-PG;Parental guidance suggested. May not be suitable for all children.;2015;84.0;Parental Guidance
Scandal;TV-14;Parents strongly cautioned. May be unsuitable for children ages 14 and under.;2016;92.0;Teen
Magic Mike;R;pervasive sexual content, brief graphic nudity, language and some drug use;2012;77.0;Adult
Trouble with the Curve;PG-13;Parents strongly cautioned. May be inappropriate for children under 13.;2012;63.0;Teen
Home;PG;mild action and some rude humor;2015;94.0;Parental Guidance
Skin Wars;TV-14;Parents strongly cautioned. May be unsuitable for children ages 14 and under.;2016;69.0;Teen
Felipe Neto: My Life Makes No Sense;TV-MA;For mature audiences.  May not be suitable for children 17 and under.;2017;89.0;Adult
Lost;TV-14;Parents strongly cautioned. May be unsuitable for children ages 14 and under.;2010;98.0;Teen
Weeds;TV-MA;For mature audiences.  May not be suitable for children 17 and under.;2012;85.0;Adult
The Tudors;TV-MA;For mature audiences.  May not be suitable for children 17 and under.;2010;89.0;Adult
Lie to Me;TV-14;Parents strongly cautioned. May be unsuitable for children ages 14 and under.;2010;89.0;Teen
Charmed;TV-PG;Parental guidance suggested. May not be suitable for all children.;2005;90.0;Parental Guidance
White Collar;TV-PG;Parental guidance suggested. May not be suitable for all children.;2014;93.0;Parental Guidance
House of Cards;TV-MA;For mature audiences.  May not be suitable for children 17 and under.;2016;91.0;Adult
The Killing;TV-14;Parents strongly cautioned. May be unsuitable for children ages 14 and under.;2014;73.0;Teen
Unconditional;PG-13;some violent content and mature thematic elements;2012;68.0;Teen
The Blacklist;TV-14;Parents strongly cautioned. May be unsuitable for children ages 14 and under.;2016;96.0;Teen
The Fosters;TV-14;Parents strongly cautioned. May be unsuitable for children ages 14 and under.;2016;73.0;Teen
Witches of East End;TV-14;Parents strongly cautioned. May be unsuitable for children ages 14 and under.;2014;86.0;Teen
Bitten;TV-MA;For mature audiences.  May not be suitable for children 17 and under.;2016;56.0;Adult
London Has Fallen;R;strong violence and language throughout;2016;96.0;Adult
Marvel's Jessica Jones;TV-MA;For mature audiences.  May not be suitable for children 17 and under.;2015;83.0;Adult
Bloodline;TV-MA;For mature audiences.  May not be suitable for children 17 and under.;2016;89.0;Adult
Velvet;TV-14;Parents strongly cautioned. May be unsuitable for children ages 14 and under.;2016;86.0;Teen
The Crown;TV-MA;For mature audiences.  May not be suitable for children 17 and under.;2016;84.0;Adult
Kurt Seyit & Sura;TV-14;Parents strongly cautioned. May be unsuitable for children ages 14 and under.;2014;86.0;Teen
The Returned;TV-14;Parents strongly cautioned. May be unsuitable for children ages 14 and under.;2015;86.0;Teen
The Girl in the Book;TV-MA;For mature audiences.  May not be suitable for children 17 and under.;2015;89.0;Adult
Quantico;TV-14;Parents strongly cautioned. May be unsuitable for children ages 14 and under.;2016;88.0;Teen
100 Metros;TV-MA;For mature audiences.  May not be suitable for children 17 and under.;2016;89.0;Adult
Dexter;TV-MA;For mature audiences.  May not be suitable for children 17 and under.;2013;95.0;Adult
Leverage;TV-PG;Parental guidance suggested. May not be suitable for all children.;2012;86.0;Parental Guidance
Burn Notice;TV-14;Parents strongly cautioned. May be unsuitable for children ages 14 and under.;2013;85.0;Teen
Luther;TV-14;Parents strongly cautioned. May be unsuitable for children ages 14 and under.;2015;69.0;Teen
Hawaii Five-0;TV-14;dialogue, language, sexual situations and violence;2016;96.0;Teen
Last Man Standing;TV-PG;Parental guidance suggested. May not be suitable for all children.;2015;97.0;Parental Guidance
Person of Interest;TV-14;Parents strongly cautioned. May be unsuitable for children ages 14 and under.;2016;93.0;Teen
Touch;TV-14;Parents strongly cautioned. May be unsuitable for children ages 14 and under.;2012;68.0;Teen
Breakout Kings;TV-14;Parents strongly cautioned. May be unsuitable for children ages 14 and under.;2012;88.0;Teen
The Following;TV-14;Parents strongly cautioned. May be unsuitable for children ages 14 and under.;2015;86.0;Teen
Drugs, Inc.;TV-14;Parents strongly cautioned. May be unsuitable for children ages 14 and under.;2015;86.0;Teen
Longmire;TV-14;Parents strongly cautioned. May be unsuitable for children ages 14 and under.;2016;92.0;Teen
Ripper Street;TV-MA;For mature audiences.  May not be suitable for children 17 and under.;2016;89.0;Adult
The Fall;TV-MA;For mature audiences.  May not be suitable for children 17 and under.;2016;61.0;Adult
Death in Paradise;TV-14;Parents strongly cautioned. May be unsuitable for children ages 14 and under.;2016;77.0;Teen
Marvel's Agents of S.H.I.E.L.D.;TV-PG;Parental guidance suggested. May not be suitable for all children.;2016;89.0;Parental Guidance
Crossing Lines;TV-14;Parents strongly cautioned. May be unsuitable for children ages 14 and under.;2015;66.0;Teen
The Honorable Woman;TV-MA;For mature audiences.  May not be suitable for children 17 and under.;2014;89.0;Adult
Transporter: The Series;TV-MA;For mature audiences.  May not be suitable for children 17 and under.;2014;89.0;Adult
Gotham;TV-14;Parents strongly cautioned. May be unsuitable for children ages 14 and under.;2016;85.0;Teen
American Odyssey;TV-14;Parents strongly cautioned. May be unsuitable for children ages 14 and under.;2015;86.0;Teen
Aquarius;TV-MA;For mature audiences.  May not be suitable for children 17 and under.;2015;89.0;Adult
Hap and Leonard;TV-MA;For mature audiences.  May not be suitable for children 17 and under.;2016;57.0;Adult
Rosewood;TV-14;Parents strongly cautioned. May be unsuitable for children ages 14 and under.;2015;81.0;Teen
Limitless;TV-14;Parents strongly cautioned. May be unsuitable for children ages 14 and under.;2016;84.0;Teen
Travelers;TV-MA;For mature audiences.  May not be suitable for children 17 and under.;2016;86.0;Adult
The Doctor Blake Mysteries;TV-MA;For mature audiences.  May not be suitable for children 17 and under.;2016;57.0;Adult
I.T;NR;This movie has not been rated.;2016;77.0;Unrated
Bordertown;TV-MA;For mature audiences.  May not be suitable for children 17 and under.;2016;89.0;Adult
The West Wing;TV-14;Parents strongly cautioned. May be unsuitable for children ages 14 and under.;2005;79.0;Teen
Blue Bloods;TV-14;Parents strongly cautioned. May be unsuitable for children ages 14 and under.;2016;95.0;Teen
Forensic Files;TV-14;Parents strongly cautioned. May be unsuitable for children ages 14 and under.;2011;88.0;Teen
Rectify;TV-14;Parents strongly cautioned. May be unsuitable for children ages 14 and under.;2016;86.0;Teen
American Crime;TV-14;Parents strongly cautioned. May be unsuitable for children ages 14 and under.;2016;86.0;Teen
Madam Secretary;TV-14;Parents strongly cautioned. May be unsuitable for children ages 14 and under.;2016;70.0;Teen
American Crime Story: The People v. O.J. Simpson;TV-MA;For mature audiences.  May not be suitable for children 17 and under.;2016;79.0;Adult
The Nightmare Before Christmas;PG;some scary images;1993;84.0;Parental Guidance
Scooby-Doo;PG;some rude humor, language and some scary action;2002;86.0;Parental Guidance
Chicken Little;G;General Audiences. Suitable for all ages.;2005;92.0;Family
Teenage Mutant Ninja Turtles;PG;animated action violence, some scary cartoon images and mild language;2007;86.0;Parental Guidance
Star Wars: The Clone Wars;PG;sci-fi action violence throughout, brief language and momentary smoking;2008;57.0;Parental Guidance
The Smurfs and the Magic Flute;G;General Audiences. Suitable for all ages.;1976;70.0;Family
We're Back! A Dinosaur's Story;G;General Audiences. Suitable for all ages.;1993;70.0;Family
Thomas & Friends: Thomas & the Runaway Kite;TV-Y;Suitable for all ages.;2010;75.5;Kids
Dino Squad;TV-Y7;Suitable for children ages 7 and older;2008;74.5;Kids
Cars Toons: Mater's Tall Tales;TV-G;Suitable for all ages.;2010;74.0;Family
LeapFrog: The Amazing Alphabet Amusement Park;TV-Y;Suitable for all ages.;2010;75.5;Kids
Star Wars: The Clone Wars;TV-PG;Parental guidance suggested. May not be suitable for all children.;2014;93.0;Parental Guidance
Phineas and Ferb;TV-G;Suitable for all ages.;2012;89.0;Family
The Batman;TV-Y7;Suitable for children ages 7 and older;2007;77.0;Kids
Justice League;TV-Y7-FV;Suitable for children ages 7 and older.  Content contains fantasy violence.;2003;66.0;Kids
Justice League Unlimited;TV-Y7-FV;Suitable for children ages 7 and older.  Content contains fantasy violence.;2005;72.0;Kids
Mighty Morphin Power Rangers;TV-Y7-FV;Suitable for children ages 7 and older.  Content contains fantasy violence.;2010;73.0;Kids
Young Justice;TV-PG;Parental guidance suggested. May not be suitable for all children.;2012;71.0;Parental Guidance
The Super Mario Bros. Super Show!;TV-Y7;Suitable for children ages 7 and older;1989;74.5;Kids
Power Rangers Zeo;TV-Y7-FV;Suitable for children ages 7 and older.  Content contains fantasy violence.;1996;72.0;Kids
Oscar's Oasis;TV-G;Suitable for all ages.;2011;74.0;Family
Transformers Prime;TV-Y7-FV;Suitable for children ages 7 and older.  Content contains fantasy violence.;2013;72.0;Kids
The Adventures of Chuck & Friends;TV-Y;Suitable for all ages.;2011;75.5;Kids
Transformers: Rescue Bots;TV-Y7;Suitable for children ages 7 and older;2016;74.5;Kids
Thomas & Friends: King of the Railway;TV-G;Suitable for all ages.;2013;74.0;Family
LEGO: Marvel Super Heroes: Maximum Overload;TV-Y7-FV;Suitable for children ages 7 and older.  Content contains fantasy violence.;2013;72.0;Kids
Max Steel;TV-Y7-FV;Suitable for children ages 7 and older.  Content contains fantasy violence.;2014;72.0;Kids
Transformers Prime Beast Hunters: Predacons Rising;TV-Y7-FV;Suitable for children ages 7 and older.  Content contains fantasy violence.;2013;72.0;Kids
Agent F.O.X.;PG;Parental guidance suggested. May not be suitable for children.;2014;86.0;Parental Guidance
VeggieTales in the House;TV-Y;Suitable for all ages.;2016;75.5;Kids
Thunder and the House Of Magic;TV-G;Suitable for all ages.;2013;74.0;Family
All Hail King Julien;TV-Y7-FV;Suitable for children ages 7 and older.  Content contains fantasy violence.;2016;71.0;Kids
Kong: King of the Apes;TV-Y7-FV;Suitable for children ages 7 and older.  Content contains fantasy violence.;2016;72.0;Kids
Marvel Super Hero Adventures: Frost Fight!;PG;fantasy action;2015;86.0;Parental Guidance
Slugterra: Slug Fu Showdown;TV-Y7-FV;Suitable for children ages 7 and older.  Content contains fantasy violence.;2015;72.0;Kids
Dinotrux;TV-Y7-FV;Suitable for children ages 7 and older.  Content contains fantasy violence.;2017;72.0;Kids
Edgar Rice Burroughs' Tarzan and Jane;TV-Y7-FV;Suitable for children ages 7 and older.  Content contains fantasy violence.;2017;72.0;Kids
Lego DC Comics: Batman Be-Leaguered;TV-Y7;Suitable for children ages 7 and older;2014;74.5;Kids
Power Rangers Dino Charge;TV-Y7;Suitable for children ages 7 and older;2015;74.5;Kids
Bunks;TV-PG;Parental guidance suggested. May not be suitable for all children.;2013;88.0;Parental Guidance
The Jungle Book;PG;for some sequences of scary action and peril;2016;97.0;Parental Guidance
The Angry Birds Movie;PG;for rude humor and action;2016;92.0;Parental Guidance
The Secret Life of Pets;PG;for action and some rude humor;2016;86.0;Parental Guidance
The Furchester Hotel;TV-Y;Suitable for all ages.;2015;75.5;Kids
Marvel's Hulk: Where Monsters Dwell;PG;action violence throughout, some scary images, and language;2016;86.0;Parental Guidance
Angry Birds;TV-G;Suitable for all ages.;2013;74.0;Family
Talking Tom and Friends;TV-G;Suitable for all ages.;2016;61.0;Family
Nexo Knights;TV-Y7-FV;Suitable for children ages 7 and older.  Content contains fantasy violence.;2015;72.0;Kids
An Extremely Goofy Movie;G;General Audiences. Suitable for all ages.;1999;67.0;Family
The Iron Giant;PG;fantasy action and mild language;1999;83.0;Parental Guidance
The Cat in the Hat Knows a Lot About That!;TV-Y;Suitable for all ages.;2014;75.5;Kids
Bob the Builder;TV-Y;Suitable for all ages.;2015;75.5;Kids
Beyblade: Metal Fusion;TV-Y7;Suitable for children ages 7 and older;2009;74.5;Kids
Ninja Turtles: The Next Mutation;TV-Y7-FV;Suitable for children ages 7 and older.  Content contains fantasy violence.;1997;72.0;Kids
DreamWorks Kung Fu Panda Awesome Secrets;TV-PG;Parental guidance suggested. May not be suitable for all children.;2008;88.0;Parental Guidance
LEGO Ninjago: Masters of Spinjitzu;TV-Y7-FV;Suitable for children ages 7 and older.  Content contains fantasy violence.;2015;67.0;Kids
Goosebumps;TV-Y7;Suitable for children ages 7 and older;1998;88.0;Kids
LEGO Ninjago: Masters of Spinjitzu: Way of the Ninja;TV-Y7-FV;Suitable for children ages 7 and older.  Content contains fantasy violence.;2011;72.0;Kids
Super Buddies;G;General Audiences. Suitable for all ages.;2013;70.0;Family
Tad: The Lost Explorer;TV-PG;Parental guidance suggested. May not be suitable for all children.;2012;88.0;Parental Guidance
Pok?⌐mon: Indigo League;TV-Y;Suitable for all ages.;2000;74.0;Kids
Ratchet and Clank;PG;action and some rude humor;2016;74.0;Parental Guidance
Pac-Man and the Ghostly Adventures;TV-Y7;Suitable for children ages 7 and older;2014;74.5;Kids
Iron Man & Captain America: Heroes United;PG;action and violence throughout, and mild language;2014;86.0;Parental Guidance
Power Rangers Super Megaforce;TV-Y7;Suitable for children ages 7 and older;2014;74.5;Kids
Chuggington;TV-Y;Suitable for all ages.;2015;75.5;Kids
The Adventures of Puss in Boots;TV-Y7-FV;Suitable for children ages 7 and older.  Content contains fantasy violence.;2016;78.0;Kids
Some Assembly Required;TV-G;Suitable for all ages.;2015;74.0;Family
Kulipari: An Army of Frogs;TV-Y7-FV;Suitable for children ages 7 and older.  Content contains fantasy violence.;2016;72.0;Kids
Transformers: Robots in Disguise;TV-Y7;Suitable for children ages 7 and older;2016;74.5;Kids
Robocar Poli;TV-Y;Suitable for all ages.;2012;75.5;Kids
LEGO Bionicle: The Journey to One;TV-Y7-FV;Suitable for children ages 7 and older.  Content contains fantasy violence.;2016;72.0;Kids
Voltron: Legendary Defender;TV-Y7-FV;Suitable for children ages 7 and older.  Content contains fantasy violence.;2017;72.0;Kids
Buddy Thunderstruck;TV-PG;Parental guidance suggested. May not be suitable for all children.;2017;88.0;Parental Guidance
Pok?⌐mon: XY;TV-Y7-FV;Suitable for children ages 7 and older.  Content contains fantasy violence.;2015;56.0;Kids
Power Rangers Dino Super Charge;TV-Y7;Suitable for children ages 7 and older;2016;74.5;Kids
The Deep;TV-Y7;Suitable for children ages 7 and older;2015;74.5;Kids
Skylanders Academy;TV-Y7;Suitable for children ages 7 and older;2016;74.5;Kids
Growing Up Wild;G;General Audiences. Suitable for all ages.;2016;80.0;Family
The Little Rascals;PG;some rude dialogue;1994;86.0;Parental Guidance
Flubber;PG;slapstick action and mild language;1997;83.0;Parental Guidance
Tarzan;G;General Audiences. Suitable for all ages.;1999;95.0;Family
The Emperor's New Groove;G;General Audiences. Suitable for all ages.;2000;95.0;Family
Lilo & Stitch;PG;mild sci-fi action;2002;95.0;Parental Guidance
Scooby-Doo 2: Monsters Unleashed;PG;some scary action, rude humor and language;2004;82.0;Parental Guidance
The Three Musketeers;G;General Audiences. Suitable for all ages.;2004;70.0;Family
Mickey's Twice Upon a Christmas;G;General Audiences. Suitable for all ages.;2004;70.0;Family
The Pacifier;PG;action violence, language and rude humor;2005;91.0;Parental Guidance
Bee Movie;PG;mild suggestive humor;2007;94.0;Parental Guidance
Kung Fu Panda;PG;sequences of martial arts action;2008;91.0;Parental Guidance
Super Why!;TV-Y;Suitable for all ages.;2015;68.0;Kids
Jessie;TV-G;Suitable for all ages.;2015;88.0;Family
Disney Animation Collection: Vol. 1: Mickey and the Beanstalk;TV-G;Suitable for all ages.;2009;74.0;Family
Lab Rats;TV-Y7;Suitable for children ages 7 and older;2016;85.0;Kids
Pocoyo;TV-Y;Suitable for all ages.;2007;67.0;Kids
Octonauts;TV-Y;Suitable for all ages.;2015;75.5;Kids
Dragons: Race to the Edge;TV-Y7-FV;Suitable for children ages 7 and older.  Content contains fantasy violence.;2017;88.0;Kids
Mother Goose Club;TV-Y;Suitable for all ages.;2016;75.5;Kids
Little Einsteins;TV-Y;Suitable for all ages.;2007;70.0;Kids
Hotel Transylvania 2;PG;some scary images, action and rude humor;2015;93.0;Parental Guidance
Dawn of the Croods;TV-Y7;Suitable for children ages 7 and older;2017;72.0;Kids
Goosebumps;PG;scary and intense creature action and images, and for some rude humor;2015;90.0;Parental Guidance
Kung Fu Panda 3;PG;martial arts action and some mild rude humor;2016;92.0;Parental Guidance
Home: Adventures with Tip & Oh;TV-Y7;Suitable for children ages 7 and older;2017;74.5;Kids
Open Season: Scared Silly;PG;rude humor and some action;2015;72.0;Parental Guidance
The Land Before Time XIV: Journey of the Brave;G;General Audiences. Suitable for all ages.;2016;70.0;Family
Alice Through the Looking Glass;PG;fantasy action/peril and some language;2016;96.0;Parental Guidance
Ask the StoryBots;TV-Y;Suitable for all ages.;2016;75.5;Kids
Goldie & Bear;TV-Y;Suitable for all ages.;2016;77.0;Kids
Little Baby Bum: Nursery Rhyme Friends;TV-Y;Suitable for all ages.;2016;75.5;Kids
Tayo the Little Bus;TV-Y;Suitable for all ages.;2014;75.5;Kids
Antz;PG;moderate adult language and intense action;1998;80.0;Parental Guidance
Chicken Run;G;General Audiences. Suitable for all ages.;2000;80.0;Family
Spy Kids 3: Game Over;PG;action sequences and peril;2003;64.0;Parental Guidance
Annie;PG;adult content and mld violence;1982;68.0;Parental Guidance
Mulan 2;G;General Audiences. Suitable for all ages.;2004;85.0;Family
Lilo & Stitch 2: Stitch Has A Glitch;PG;some mild action;2005;85.0;Parental Guidance
DreamWorks Shrek's Swamp Stories;TV-PG;Parental guidance suggested. May not be suitable for all children.;2008;56.0;Parental Guidance
Beverly Hills Chihuahua 3: Viva La Fiesta!;G;General Audiences. Suitable for all ages.;2012;70.0;Family
DreamWorks Spooky Stories: Volume 2;TV-PG;Parental guidance suggested. May not be suitable for all children.;2011;88.0;Parental Guidance
The Magic School Bus;TV-Y;Suitable for all ages.;1997;81.0;Kids
Sammy 2;TV-PG;Parental guidance suggested. May not be suitable for all children.;2012;88.0;Parental Guidance
Sofia the First;TV-Y;Suitable for all ages.;2015;82.0;Kids
Barbie Life in the Dreamhouse;TV-G;Suitable for all ages.;2012;85.0;Family
Paddington;PG;mild action and rude humor;2014;70.0;Parental Guidance
Larva;TV-G;Suitable for all ages.;2015;74.0;Family
Sid the Science Kid;TV-Y;Suitable for all ages.;2008;75.5;Kids
Minions;PG;action and rude humor;2015;96.0;Parental Guidance
The Little Prince;PG;mild thematic elements;2015;71.0;Parental Guidance
Word Party;TV-Y;Suitable for all ages.;2016;75.5;Kids
Cool Runnings;PG;Parental guidance suggested. May not be suitable for children.;1993;81.0;Parental Guidance
Homeward Bound: The Incredible Journey;G;General Audiences. Suitable for all ages.;1993;96.0;Family
Anastasia;G;General Audiences. Suitable for all ages.;1997;93.0;Family
Missione Hamburger;PG;language, some comic violence and mild sex-related humor;1997;75.0;Parental Guidance
Curious George;G;General Audiences. Suitable for all ages.;2006;55.0;Family
Secret of the Wings;G;General Audiences. Suitable for all ages.;2012;65.0;Family
Clifford the Big Red Dog;TV-Y;Suitable for all ages.;2002;75.5;Kids
Walt Disney Animation Studios Short Films Collection;TV-G;Suitable for all ages.;2015;84.0;Family
Bunk'd;TV-G;Suitable for all ages.;2016;61.0;Family
The BFG;PG;for action/peril, some scary moments and brief rude humor;2016;97.0;Parental Guidance
The Real Ghostbusters;TV-Y7;Suitable for children ages 7 and older;1990;65.0;Kids
Babe: Pig in the City;G;General Audiences. Suitable for all ages.;1998;70.0;Family
The Prince of Egypt;PG;intense scenes dealing with strong content;1998;81.0;Parental Guidance
Paulie;PG;Parental guidance suggested. May not be suitable for children.;1998;86.0;Parental Guidance
The Road to El Dorado;PG;mild thematic material and language;2000;91.0;Parental Guidance
Fantasia 2000;G;General Audiences. Suitable for all ages.;2000;70.0;Family
Pocahontas II: Journey to a New World;TV-G;Suitable for all ages.;1998;64.0;Family
Fantasia;G;General Audiences. Suitable for all ages.;1940;61.0;Family
An American Tail;G;General Audiences. Suitable for all ages.;1986;67.0;Family
Pooh's Grand Adventure: The Search for Christopher Robin;G;General Audiences. Suitable for all ages.;1997;70.0;Family
FernGully 2: The Magical Rescue;G;General Audiences. Suitable for all ages.;1998;70.0;Family
Balto 2: Wolf Quest;G;General Audiences. Suitable for all ages.;2001;70.0;Family
Balto;G;General Audiences. Suitable for all ages.;1995;64.0;Family
Back to the Secret Garden;G;General Audiences. Suitable for all ages.;2002;70.0;Family
The Brave Little Toaster Goes to Mars;G;General Audiences. Suitable for all ages.;1998;70.0;Family
The Brave Little Toaster to the Rescue;G;General Audiences. Suitable for all ages.;1997;70.0;Family
An American Tail: The Mystery of the Night Monster;G;General Audiences. Suitable for all ages.;1999;70.0;Family
An American Tail: Fievel Goes West;G;General Audiences. Suitable for all ages.;1991;70.0;Family
The Last Unicorn;G;General Audiences. Suitable for all ages.;1982;70.0;Family
Brother Bear 2;G;General Audiences. Suitable for all ages.;2006;57.0;Family
The Fox and the Hound 2;G;General Audiences. Suitable for all ages.;2006;70.0;Family
Jetsons: The Movie;G;General Audiences. Suitable for all ages.;1990;70.0;Family
A Monster in Paris;PG;some action violence involving gunplay, and mild rude humor;2011;86.0;Parental Guidance
The Gruffalo;TV-Y;Suitable for all ages.;2009;75.5;Kids
DreamWorks How to Train Your Dragon Legends;TV-PG;Parental guidance suggested. May not be suitable for all children.;2011;88.0;Parental Guidance
Ernest & Celestine;PG;some scary moments;2012;86.0;Parental Guidance
Animaniacs;TV-Y7;Suitable for children ages 7 and older;1997;72.0;Kids
Disney Animation Collection: Vol. 4: The Tortoise and the Hare;TV-G;Suitable for all ages.;2009;74.0;Family
PopPixie;TV-G;Suitable for all ages.;2011;74.0;Family
Jack and the Cuckoo-Clock Heart;PG;scary images, suggestive material, some language and smoking;2013;86.0;Parental Guidance
The Pirate Fairy;G;General Audiences. Suitable for all ages.;2014;57.0;Family
Axel: The Biggest Little Hero;PG;some scary images, perilous action sequences and mild rude humor;2013;86.0;Parental Guidance
The Adventures of Figaro Pho;TV-Y7;Suitable for children ages 7 and older;2015;74.5;Kids
The Boxcar Children;G;General Audiences. Suitable for all ages.;2014;70.0;Family
Pet Pals in Windland;TV-G;Suitable for all ages.;2014;74.0;Family
Alpha and Omega: Dino Digs;TV-G;Suitable for all ages.;2016;74.0;Family
Quackerz;PG;rude and suggestive humor, and some action;2016;86.0;Parental Guidance
Hatched;TV-Y7;Suitable for children ages 7 and older;2013;74.5;Kids
Blinky Bill: The Movie;PG;some rude humor;2015;86.0;Parental Guidance
FernGully: The Last Rainforest;G;General Audiences. Suitable for all ages.;1992;70.0;Family
The Lizzie McGuire Movie;PG;mild thematic elements;2003;86.0;Parental Guidance
Recess: Taking the Fifth Grade;G;General Audiences. Suitable for all ages.;2003;70.0;Family
The Very Hungry Caterpillar and Other Stories;TV-Y;Suitable for all ages.;1993;75.5;Kids
The Hero of Color City;G;General Audiences. Suitable for all ages.;2014;70.0;Family
The Little Engine That Could;G;General Audiences. Suitable for all ages.;2011;70.0;Family
Delhi Safari;PG;violence and menacing action, rude humor, suggestive content and thematic elements;2012;86.0;Parental Guidance
Pound Puppies;TV-Y;Suitable for all ages.;2013;75.5;Kids
Monster Math Squad;TV-G;Suitable for all ages.;2012;74.0;Family
Care Bears: Welcome to Care-a-Lot;TV-Y;Suitable for all ages.;2012;75.5;Kids
Clifford's Puppy Days;TV-Y;Suitable for all ages.;2003;75.5;Kids
Dinosaur King;TV-Y7-FV;Suitable for children ages 7 and older.  Content contains fantasy violence.;2008;72.0;Kids
Ribbit;PG;some peril;2014;86.0;Parental Guidance
Rooster Doodle-doo;TV-G;Suitable for all ages.;2014;74.0;Family
My Animal Friends;TV-Y;Suitable for all ages.;2013;75.5;Kids
Worms;PG;Parental guidance suggested. May not be suitable for children.;2013;86.0;Parental Guidance
Puffin Rock;TV-Y;Suitable for all ages.;2016;75.5;Kids
The Mr. Peabody and Sherman Show;TV-Y7;Suitable for children ages 7 and older;2017;74.5;Kids
Zoobabu;TV-Y;Suitable for all ages.;2010;75.5;Kids
Gon;TV-G;Suitable for all ages.;2013;74.0;Family
Sid the Science Kid: The Movie;TV-Y;Suitable for all ages.;2012;75.5;Kids
LEGO Jurassic World: The Indominus Escape;TV-Y7;Suitable for children ages 7 and older;2016;74.5;Kids
Harry and the Hendersons;PG;Parental guidance suggested. May not be suitable for children.;1987;58.0;Parental Guidance
Cats & Dogs;PG;animal action and humor;2001;86.0;Parental Guidance
Atlantis: The Lost Empire;PG;action violence;2001;96.0;Parental Guidance
Tarzan & Jane;G;General Audiences. Suitable for all ages.;2002;70.0;Family
Atlantis: Milo's Return;G;General Audiences. Suitable for all ages.;2003;79.0;Family
Batched;G;General Audiences. Suitable for all ages.;2000;70.0;Family
Winnie the Pooh: Springtime with Roo;G;General Audiences. Suitable for all ages.;2004;70.0;Family
Pooh's Heffalump Movie;G;General Audiences. Suitable for all ages.;2005;70.0;Family
Kronk's New Groove;G;General Audiences. Suitable for all ages.;2005;70.0;Family
Corpse Bride;PG;some scary images and action, and brief mild language;2005;91.0;Parental Guidance
Disney Animation Collection: Vol. 2: Three Little Pigs;TV-G;Suitable for all ages.;2009;74.0;Family
Underdogs;PG;Parental guidance suggested. May not be suitable for children.;2013;86.0;Parental Guidance
Yellowbird;PG;Parental guidance suggested. May not be suitable for children.;2014;86.0;Parental Guidance
Mr. Magoo;PG;mild language and action sequences;1997;86.0;Parental Guidance
Air Bud: World Pup;G;General Audiences. Suitable for all ages.;2000;70.0;Family
Baby's Day Out;PG;mild language and comic action;1994;71.0;Parental Guidance
Blank Check;PG;Parental guidance suggested. May not be suitable for children.;1994;93.0;Parental Guidance
Heavyweights;PG;some rude language and pranks;1995;74.0;Parental Guidance
Inspector Gadget 2;G;General Audiences. Suitable for all ages.;2003;70.0;Family
Air Bud: Spikes Back;G;General Audiences. Suitable for all ages.;2003;70.0;Family
D2: The Mighty Ducks;PG;some mild language and rough hockey action;1994;70.0;Parental Guidance
Honey, I Shrunk the Kids;PG;Parental guidance suggested. May not be suitable for children.;1989;80.0;Parental Guidance
Air Buddies;PG;some mild, rude humor;2006;86.0;Parental Guidance
Dr. Dolittle: Tail to the Chief;PG;brief mild language and some rude behavior;2008;86.0;Parental Guidance
Flicka 2;PG;some reckless behavior;2010;86.0;Parental Guidance
H2O: Just Add Water;TV-PG;Parental guidance suggested. May not be suitable for all children.;2009;74.0;Parental Guidance
Dolphin Tale;PG;some mild thematic elements;2011;86.0;Parental Guidance
Step Dogs;TV-PG;Parental guidance suggested. May not be suitable for all children.;2013;88.0;Parental Guidance
Mia and Me;TV-Y;Suitable for all ages.;2015;75.5;Kids
Russell Madness;PG;some rude humor and sports action;2015;86.0;Parental Guidance
Wiener Dog Internationals;G;General Audiences. Suitable for all ages.;2015;70.0;Family
Pup Star;G;General Audiences. Suitable for all ages.;2016;70.0;Family
Precious Puppies;TV-G;Suitable for all ages.;2003;74.0;Family
Beary Tales;TV-G;Suitable for all ages.;2013;74.0;Family
